mean_absolute_error-AUC,mean_squared_error,mean_squared_log_error,median_abs_error,r2_score
0.15051387666118704,0.04446190592786472,0.019282393744444248,0.10984067739287319,0.52520166447161
