mean_absolute_error-AUC,mean_squared_error,mean_squared_log_error,median_abs_error,r2_score
0.1498963899311713,0.04631630796168863,0.019805028618018968,0.10362369345068259,0.4518739106189266
