mean_absolute_error-AUC,mean_squared_error,mean_squared_log_error,median_abs_error,r2_score
0.2606530909490366,0.18719530419071215,0,0.22692075207801213,-0.6009536814946349
