mean_absolute_error-AUC,mean_squared_error,mean_squared_log_error,median_abs_error,r2_score
0.21762102616829873,0.07314024527767102,0.03417785766687678,0.18541695997503782,0.3582720304036684
