mean_absolute_error-AUC,mean_squared_error,mean_squared_log_error,median_abs_error,r2_score
0.17159281177083438,0.05724177260295309,0.023705430188637373,0.1189589592504962,0.3218973476912956
