mean_absolute_error-AUC,mean_squared_error,mean_squared_log_error,median_abs_error,r2_score
0.23170163443605177,0.07697383985495287,0,0.2201414354117887,0.3204376275729046
