mean_absolute_error-AUC,mean_squared_error,mean_squared_log_error,median_abs_error,r2_score
0.45510411039576026,4.5486359812548,0,0.3302714521301221,-37.725121717997936
