mean_absolute_error-AUC,mean_squared_error,mean_squared_log_error,median_abs_error,r2_score
0.4909024628324039,0.5692286671957038,0,0.47546279346790526,-5.680641648781462
