mean_absolute_error-AUC,mean_squared_error,mean_squared_log_error,median_abs_error,r2_score
0.1530895159161517,0.05817323798003685,0.025195909399295943,0.07791634348837982,0.314815209905763
