mean_absolute_error-AUC,mean_squared_error,mean_squared_log_error,median_abs_error,r2_score
0.23114931403144628,0.07678085097327123,0,0.21464364321881044,0.3045668705511757
