mean_absolute_error-AUC,mean_squared_error,mean_squared_log_error,median_abs_error,r2_score
0.43379520778558267,3.4873836429987057,0,0.32764534965194697,-28.754794530569363
