mean_absolute_error-AUC,mean_squared_error,mean_squared_log_error,median_abs_error,r2_score
0.15826475017410338,0.054076561758803696,0.023833910707712996,0.09649378283030387,0.42281351884674356
