mean_absolute_error-AUC,mean_squared_error,mean_squared_log_error,median_abs_error,r2_score
0.1715510145216495,0.05290083982715508,0.022723830503844838,0.12768514119438854,0.4336107445151208
