mean_absolute_error-AUC,mean_squared_error,mean_squared_log_error,median_abs_error,r2_score
0.48402009831418175,0.5800359651838334,0,0.4593009124614627,-5.1216887878845405
