mean_absolute_error-AUC,mean_squared_error,mean_squared_log_error,median_abs_error,r2_score
0.2576733621119193,0.13773755030268772,0,0.23077161049882572,-0.2850884319501681
