mean_absolute_error-AUC,mean_squared_error,mean_squared_log_error,median_abs_error,r2_score
0.2166711538855067,0.07062645230855336,0.033037033380996235,0.19202173867891276,0.3635823939513033
