mean_absolute_error-AUC,mean_squared_error,mean_squared_log_error,median_abs_error,r2_score
0.1461033287604704,0.04603363983924089,0.01941147429461359,0.09726414109224282,0.41247223157675933
