mean_absolute_error-AUC,mean_squared_error,mean_squared_log_error,median_abs_error,r2_score
0.40368352487844145,1.3398083859687056,0,0.3189603709503514,-11.900760035508762
