mean_absolute_error-AUC,mean_squared_error,mean_squared_log_error,median_abs_error,r2_score
0.4799647613713409,0.5492761813673969,0,0.45418284208147625,-6.010688960599797
