mean_absolute_error-AUC,mean_squared_error,mean_squared_log_error,median_abs_error,r2_score
0.1713945124660194,0.055583564017863116,0.0230575958474104,0.11584169113536202,0.2914189910559676
