mean_absolute_error-AUC,mean_squared_error,mean_squared_log_error,median_abs_error,r2_score
0.14984512695656552,0.058113861559418695,0.024753624876492016,0.07091198705037896,0.26066607895241745
