mean_absolute_error-AUC,mean_squared_error,mean_squared_log_error,median_abs_error,r2_score
0.22463449863901053,0.07726480677602184,0.03684937511271402,0.19521215610876444,0.322061223769312
