mean_absolute_error-AUC,mean_squared_error,mean_squared_log_error,median_abs_error,r2_score
0.27081850251428297,0.12420203537187893,0,0.2613488386087596,-0.12456585050418155
