mean_absolute_error-AUC,mean_squared_error,mean_squared_log_error,median_abs_error,r2_score
0.24409952139472604,0.0826788308603843,0,0.23036785939657517,0.2682339852217144
