mean_absolute_error-AUC,mean_squared_error,mean_squared_log_error,median_abs_error,r2_score
0.1711170350298254,0.056672030965816564,0.023157602787855672,0.12188038468286858,0.36234090128915636
