mean_absolute_error-AUC,mean_squared_error,mean_squared_log_error,median_abs_error,r2_score
0.4879970883651659,0.6336909700668231,0,0.46403356617010255,-6.2044137961393835
