mean_absolute_error-AUC,mean_squared_error,mean_squared_log_error,median_abs_error,r2_score
0.2327554714221028,0.07724831603387372,0.03635585497908515,0.2201479853381077,0.30396979605731256
