mean_absolute_error-AUC,mean_squared_error,mean_squared_log_error,median_abs_error,r2_score
0.1520285543976491,0.0463054012546067,0.01981906491059657,0.11036293814454647,0.4789173056013393
