mean_absolute_error-AUC,mean_squared_error,mean_squared_log_error,median_abs_error,r2_score
0.15583015139847742,0.05638750920500629,0.024563826410454893,0.08779496723905013,0.3635061377682058
