mean_absolute_error-AUC,mean_squared_error,mean_squared_log_error,median_abs_error,r2_score
0.4123310091243086,2.0563589959867263,0,0.31862869017802764,-15.106940273189814
