mean_absolute_error-AUC,mean_squared_error,mean_squared_log_error,median_abs_error,r2_score
0.22113855583231834,0.07316771149395848,0.034342906075558836,0.1974423765681452,0.3476894372246439
