mean_absolute_error-AUC,mean_squared_error,mean_squared_log_error,median_abs_error,r2_score
0.25684629707049283,0.14219479505746876,0,0.22431468127633977,-0.25466459511222905
